area_code,area_name,Biomedical Engineers,Electrical Engineers,Management Analysts,Software Developers,cbsa,metro_name,median_gross_rent,median_earnings_all_ft,median_earnings_computer_math,median_earnings_engineering,median_earnings_life_physical_social_sci,state,unemployment_rate_2023
12420,"Austin-Round Rock-Georgetown, TX",,,,125000.0,12420,"Austin-Round Rock-Georgetown, TX",1550,65000,122000,113000,90000,TX,
14460,"Boston-Cambridge-Newton, MA-NH",118000.0,,,,14460,"Boston-Cambridge-Newton, MA-NH",2100,76000,140000,125000,105000,MA-NH,
17460,"Cleveland-Elyria, OH",98000.0,104000.0,,118000.0,17460,"Cleveland-Elyria, OH",1150,52000,93000,91000,74000,OH,
33100,"Miami-Fort Lauderdale-West Palm Beach, FL",95000.0,,,,33100,"Miami-Fort Lauderdale-West Palm Beach, FL",1700,56000,110000,98000,82000,FL,
35620,"New York-Newark-Jersey City, NY-NJ-PA",,,112000.0,,35620,"New York-Newark-Jersey City, NY-NJ-PA",2300,71000,135000,120000,98000,NY-NJ-PA,
41860,"San Francisco-Oakland-Berkeley, CA",,150000.0,,165000.0,41860,"San Francisco-Oakland-Berkeley, CA",2600,87000,150000,140000,115000,CA,
42660,"Seattle-Tacoma-Bellevue, WA",,,,150000.0,42660,"Seattle-Tacoma-Bellevue, WA",1950,78000,135000,128000,99000,WA,
47900,"Washington-Arlington-Alexandria, DC-VA-MD-WV",,,108000.0,,47900,"Washington-Arlington-Alexandria, DC-VA-MD-WV",2000,82000,138000,125000,102000,DC-VA-MD-WV,
